SELIC,USD_VALOR,ACEITO/OFERTADO,DURACAO,TAXA_ULTIMO_LEILAO,REJEICAO_MERCADO,TAXA
0.045513,2.5809,0.30375,1569,5.8897,0,5.84
0.045513,2.5809,0.1156666666666666,7413,6.03,1,5.8999
0.045513,2.5809,0.3768333333333333,14718,6.04,0,5.93
0.045513,2.5809,0.4595,3030,5.93,0,5.85
0.045513,2.8075,0.2593333333333333,7399,5.8999,0,6.34
0.045513,2.8075,0.7406666666666667,14704,5.93,0,6.39
0.045513,2.8075,0.39335,3016,5.85,0,6.2
0.045513,2.8075,0.2149,1555,5.84,0,6.02
0.045513,2.8649,0.2673,14690,6.39,0,6.33
0.045513,2.8649,0.0736,1541,6.02,1,6.22
0.045513,2.8649,0.9264,3002,6.2,0,6.29
0.045513,2.8649,0.3281,7385,6.34,0,6.31
0.047279,3.1299,0.18605,1527,6.22,0,6.389
0.047279,3.1299,0.2655,7371,6.31,0,6.5
0.047279,3.1299,0.319,14676,6.33,0,6.5
0.047279,3.1299,0.7318,2988,6.29,0,6.48
0.047279,3.131,0.81296,2974,6.48,0,6.36
0.047279,3.131,0.18704,1513,6.389,0,6.268
0.047279,3.131,0.4303333333333333,14662,6.5,0,6.48
0.047279,3.131,0.1526666666666666,7357,6.5,0,6.43
0.047279,3.1231,0.19,7343,6.43,0,6.29
0.047279,3.1231,0.5160666666666667,2960,6.36,0,6.33
0.047279,3.1231,0.3843,14648,6.48,0,6.29
0.047279,3.1231,0.4839333333333333,1499,6.268,0,6.3499
0.047279,3.0186,0.2284,14633,6.29,0,6.12
0.047279,3.0186,0.4956,2945,6.33,0,6.33
0.047279,3.0186,0.5044,1484,6.3499,0,6.63
0.047279,3.0186,0.0986,7328,6.29,1,6.15
0.049037,3.0626,0.3196666666666666,14620,6.12,0,6.13
0.049037,3.0626,0.60335,1471,6.63,0,6.69
0.049037,3.0626,0.2261666666666666,7315,6.15,0,6.17
0.049037,3.0626,0.39665,2932,6.33,0,6.41
0.049037,3.0284,0.2917,14606,6.13,0,5.97
0.049037,3.0284,0.35696,2918,6.41,0,6.38
0.049037,3.0284,0.0834,7301,6.17,1,6.0
0.049037,3.0284,0.58224,1457,6.69,0,6.61
0.049037,3.1443,0.30305,2904,6.38,0,6.28
0.049037,3.1443,0.569575,1443,6.61,0,6.54
0.049037,3.1443,0.028,7287,6.0,1,5.99
0.049037,3.1443,0.199,14592,5.97,0,5.98
0.050788,3.1082,0.35765,2890,6.28,0,6.39
0.050788,3.1082,0.4201666666666667,7273,5.99,0,6.05
0.050788,3.1082,0.64235,1429,6.54,0,6.6999
0.050788,3.1082,0.17,14578,5.98,0,5.91
0.050788,3.1026,0.1046666666666666,7259,6.05,1,6.16
0.050788,3.1026,0.4452,1415,6.6999,0,6.71
0.050788,3.1026,0.2888,2876,6.39,0,6.46
0.050788,3.1026,0.4421666666666666,14564,5.91,0,6.09
0.050788,3.123,0.1120666666666666,2862,6.46,1,6.459
0.050788,3.123,0.1551666666666666,7245,6.16,0,6.32
0.050788,3.123,0.3195,14550,6.09,0,6.23
0.050788,3.123,0.8879333333333334,1401,6.71,0,6.58
0.050788,3.3815,0.441,14536,6.23,0,6.48
0.050788,3.3815,0.3433333333333333,2848,6.459,0,6.75
0.050788,3.3815,0.559,7231,6.32,0,6.619
0.050788,3.3815,0.6566666666666666,1387,6.58,0,6.88
0.052531,3.4925,0.4031333333333333,1373,6.88,0,7.13
0.052531,3.4925,0.89,14522,6.48,0,6.83
0.052531,3.4925,0.11,7217,6.619,1,6.94
0.052531,3.4925,0.5303333333333333,2834,6.75,0,7.18
0.052531,3.5345,0.6637,2820,7.18,0,7.199
0.052531,3.5345,0.5755,14508,6.83,0,6.95
0.052531,3.5345,0.4245,7203,6.94,0,7.09
0.052531,3.5345,0.3363,1359,7.13,0,7.23
0.052531,3.8028,0.2891666666666667,2806,7.199,0,7.5
0.052531,3.8028,0.413,14494,6.95,0,7.459
0.052531,3.8028,0.587,7189,7.09,0,7.494
0.052531,3.8028,0.7108333333333333,1345,7.23,0,7.48
0.052531,4.0425,0.7546666666666667,1331,7.48,0,7.77
0.052531,4.0425,0.1698333333333333,2792,7.5,0,7.83
0.052531,4.0425,0.108,7175,7.494,1,7.66
0.052531,4.0425,0.1833333333333333,14480,7.459,0,7.57
0.052531,3.8567,0.0914,2778,7.83,1,7.23
0.052531,3.8567,0.3473333333333333,7161,7.66,0,7.23
0.052531,3.8567,0.6526666666666666,14466,7.57,0,7.23
0.052531,3.8567,0.509,1317,7.77,0,7.12
0.052531,3.8656,0.8566666666666667,7147,7.23,0,7.42
0.052531,3.8656,0.2067,2764,7.23,0,7.5019
0.052531,3.8656,0.1433333333333333,14452,7.23,1,7.2699
0.052531,3.8656,0.7933,1303,7.12,0,7.229
0.052531,3.8126,0.456,1289,7.229,0,7.03
0.052531,3.8126,0.5866666666666667,7133,7.42,0,7.149
0.052531,3.8126,0.2812666666666666,2750,7.5019,0,7.43
0.052531,3.8126,0.4133333333333333,14438,7.2699,0,6.95
0.052531,3.8052,0.1892666666666666,2736,7.43,0,7.18
0.052531,3.8052,0.8643333333333333,7119,7.149,0,6.869
0.052531,3.8052,0.1356666666666666,14424,6.95,1,6.729
0.052531,3.8052,0.8107333333333333,1275,7.03,0,6.875
0.052531,3.8745,0.5993333333333334,7105,6.869,0,7.189
0.052531,3.8745,0.1125,2722,7.18,1,7.48
0.052531,3.8745,0.8875,1261,6.875,0,7.39
0.052531,3.8745,0.4006666666666666,14410,6.729,0,7.01
0.052531,3.8703,0.6533,1247,7.39,0,7.5199
0.052531,3.8703,0.04,14396,7.01,1,7.1
0.052531,3.8703,0.8333333333333334,7091,7.189,0,7.38
0.052531,3.8703,0.3467,2708,7.48,0,7.52
0.052531,4.0114,0.0423333333333333,14375,7.1,1,7.19
0.052531,4.0114,0.025,7070,7.38,1,7.27
0.052531,4.0303,0.055,3861,7.21,1,7.197
0.052531,4.0303,0.93025,1943,7.1899,0,7.037
0.052531,4.0303,0.0146666666666666,7056,7.27,1,7.25
0.052531,4.0303,0.137,14361,7.19,1,7.25
0.052531,3.9919,0.53204,1929,7.037,0,6.96
0.052531,3.9919,0.8656666666666667,7042,7.25,0,7.33
0.052531,3.9919,0.1343333333333333,14347,7.25,1,7.25
0.052531,3.9919,0.04188,3847,7.197,1,7.27
0.052531,4.0213,0.1011,3833,7.27,1,7.07
0.052531,4.0213,0.1853333333333333,14333,7.25,0,7.2
0.052531,4.0213,0.347,7028,7.33,0,7.2
0.052531,4.0213,0.8989,1915,6.96,0,6.757
0.052531,3.9913,0.5523333333333333,7014,7.2,0,7.3
0.052531,3.9913,0.06292,3819,7.07,1,6.95
0.052531,3.9913,0.242,14319,7.2,0,7.3
0.052531,3.9913,0.87968,1901,6.757,0,6.64
0.052531,3.7116,0.8,7000,7.3,0,6.725
0.052531,3.7116,0.033,3805,6.95,1,6.72
0.052531,3.7116,0.4672,1887,6.64,0,6.57
0.052531,3.7116,0.2,14305,7.3,0,6.757
0.052531,3.6687,0.6966666666666667,6986,6.725,0,6.32
0.052531,3.6687,0.10505,3791,6.72,1,6.35
0.052531,3.6687,0.8712,1873,6.57,0,6.159
0.052531,3.6687,0.3033333333333333,14291,6.757,0,6.31
0.052531,3.5406,0.2372,3777,6.35,0,6.48
0.052531,3.5406,0.6466666666666666,14277,6.31,0,6.39
0.052531,3.5406,0.3533333333333333,6972,6.32,0,6.35
0.052531,3.5406,0.171,1859,6.159,0,6.44
0.052531,3.5301,0.6483333333333333,6958,6.35,0,6.26
0.052531,3.5301,0.3516666666666667,14263,6.39,0,6.25
0.052531,3.5301,0.2237,3763,6.48,0,6.3
0.052531,3.5301,0.4448,1845,6.44,0,6.3
0.052531,3.4772,0.6413333333333333,6944,6.26,0,6.02
0.052531,3.4772,0.9497,1831,6.3,0,6.16
0.052531,3.4772,0.0503,3749,6.3,1,6.069
0.052531,3.4772,0.3586666666666667,14249,6.25,0,6.02
0.052531,3.5491,0.86175,1817,6.16,0,6.14
0.052531,3.5491,0.13825,3735,6.069,1,6.0
0.052531,3.5491,0.469,6930,6.02,0,6.0485
0.052531,3.5491,0.357,14235,6.02,0,6.04
0.052531,3.4745,0.5433333333333333,6916,6.0485,0,6.12
0.052531,3.4745,0.13805,3721,6.0,1,6.05
0.052531,3.4745,0.47535,1803,6.14,0,6.12
0.052531,3.4745,0.4566666666666666,14221,6.04,0,6.1
0.052531,3.3897,0.3356666666666666,6902,6.12,0,6.08
0.052531,3.3897,0.11435,3707,6.05,1,6.16
0.052531,3.3897,0.6829,1789,6.12,0,6.19
0.052531,3.3897,0.1773333333333333,14207,6.1,0,6.09
0.052531,3.2904,0.88595,1775,6.19,0,6.309
0.052531,3.2904,0.11405,3693,6.16,1,6.1989
0.052531,3.2904,0.1093333333333333,14193,6.09,1,6.04
0.052531,3.2904,0.1326666666666666,6888,6.08,1,6.1
0.052531,3.2801,0.5684,1761,6.309,0,6.162
0.052531,3.2801,0.2027,3679,6.1989,0,6.08
0.052531,3.2801,0.2269,6874,6.1,0,5.9
0.052531,3.2801,0.7731,14179,6.04,0,5.84
0.052531,3.249,0.9039,1747,6.162,0,6.2258
0.052531,3.249,0.4753333333333333,6860,5.9,0,5.87
0.052531,3.249,0.0961,3665,6.08,1,5.97
0.052531,3.249,0.4473333333333333,14165,5.84,0,5.76
0.052531,3.1749,0.3761666666666666,6846,5.87,0,5.67
0.052531,3.1749,0.0937666666666666,3651,5.97,1,5.82
0.052531,3.1749,0.5986,1733,6.2258,0,6.06
0.052531,3.1749,0.0503333333333333,14151,5.76,1,5.65
0.052531,3.2525,0.4476666666666666,14137,5.65,0,5.82
0.052531,3.2525,0.773275,1719,6.06,0,6.23
0.052531,3.2525,0.5523333333333333,6832,5.67,0,5.8488
0.052531,3.2525,0.0674,3637,5.82,1,5.94
0.052531,3.2972,0.788,6818,5.8488,0,5.938
0.052531,3.2972,0.22135,3623,5.94,0,5.9608
0.052531,3.2972,0.1406666666666666,14123,5.82,1,5.88
0.052531,3.2972,0.77865,1705,6.23,0,6.21
0.052531,3.2358,0.2103333333333333,6804,5.938,0,5.8099
0.052531,3.2358,0.335925,3609,5.9608,0,5.87
0.052531,3.2358,0.7896666666666666,14109,5.88,0,5.759
0.052531,3.2358,0.56465,1691,6.21,0,6.05
0.052531,3.2136,0.43078,3595,5.87,0,5.8
0.052531,3.2136,0.37,14095,5.759,0,5.66
0.052531,3.2136,0.56922,1677,6.05,0,5.962
0.052531,3.2136,0.256,6790,5.8099,0,5.7
0.05166,3.1193,0.42396,1663,5.962,0,5.92
0.05166,3.1193,0.1666666666666666,6776,5.7,0,5.6
0.05166,3.1193,0.2633333333333333,14081,5.66,0,5.56
0.05166,3.1193,0.14972,3581,5.8,1,5.77
0.05166,3.2024,0.47552,3567,5.77,0,5.9
0.05166,3.2024,0.2043333333333333,14067,5.56,0,5.657
0.05166,3.2024,0.52448,1649,5.92,0,6.0099
0.05166,3.2024,0.3206666666666666,6762,5.6,0,5.75
0.05166,3.3476,0.166,14053,5.657,0,5.95
0.05166,3.3476,0.6636666666666666,3553,5.9,0,6.14
0.05166,3.3476,0.834,6748,5.75,0,6.019
0.05166,3.3476,0.3363333333333333,1635,6.0099,0,6.27
0.050788,3.4354,0.671,14039,5.95,0,6.178
0.050788,3.4354,0.329,6734,6.019,0,6.24
0.050788,3.4354,0.0658,3539,6.14,1,6.258
0.050788,3.4354,0.7201,1621,6.27,0,6.36
0.050788,3.1918,0.277,6699,6.24,0,5.75
0.050788,3.1918,0.1734333333333333,3504,6.258,0,5.88
0.050788,3.1918,0.723,14004,6.178,0,5.74
0.048159,3.1649,0.4039333333333333,3490,5.88,0,5.69
0.048159,3.1649,0.6166666666666667,6685,5.75,0,5.58
0.048159,3.1649,0.5960666666666666,2029,5.97,0,5.7589
0.048159,3.1649,0.3833333333333333,13990,5.74,0,5.55
0.048159,3.1304,0.27172,3476,5.69,0,5.63
0.048159,3.1304,0.72828,2015,5.7589,0,5.7789
0.048159,3.1304,0.6866666666666666,13976,5.55,0,5.389
0.048159,3.1304,0.3133333333333333,6671,5.58,0,5.47
0.048159,3.097,0.11596,3462,5.63,1,5.52
0.048159,3.097,0.0841666666666666,6657,5.47,1,5.2893
0.048159,3.097,0.88404,2001,5.7789,0,5.672
0.048159,3.097,0.9158333333333334,13962,5.389,0,5.1999
0.045513,3.1185,0.1613333333333333,6643,5.2893,0,5.17
0.045513,3.1185,0.68792,1987,5.672,0,5.459
0.045513,3.1185,0.31208,3448,5.52,0,5.36
0.045513,3.1185,0.3406666666666667,13948,5.1999,0,5.11
0.045513,3.0765,0.81064,1973,5.459,0,5.279
0.045513,3.0765,0.538,13934,5.11,0,5.11
0.045513,3.0765,0.462,6629,5.17,0,5.147
0.045513,3.0765,0.18936,3434,5.36,0,5.26
0.045513,3.1231,0.65772,1959,5.279,0,5.26
0.045513,3.1231,0.7333333333333333,6615,5.147,0,5.18
0.045513,3.1231,0.09972,3420,5.26,1,5.26
0.045513,3.1231,0.171,13920,5.11,0,5.129
0.041957,3.0958,0.4166666666666667,13906,5.129,0,5.1399
0.041957,3.0958,0.1022666666666666,3406,5.26,1,5.23
0.041957,3.0958,0.5833333333333334,6601,5.18,0,5.24
0.041957,3.0958,0.8977333333333334,1945,5.26,0,5.2388
0.041957,3.1724,0.1466666666666666,3392,5.23,1,5.35
0.041957,3.1724,0.4823333333333333,6587,5.24,0,5.359
0.041957,3.1724,0.5176666666666667,13892,5.1399,0,5.249
0.041957,3.1724,0.3754666666666666,1931,5.2388,0,5.32
0.041957,3.0924,0.219,6573,5.359,0,5.03
0.041957,3.0924,1.0,3378,5.35,0,5.1
0.041957,3.0924,0.1546666666666666,13878,5.249,0,4.94
0.041957,3.2878,0.0325,1914,5.32,1,6.0
0.041957,3.2878,0.01,3375,5.1,1,5.9
0.041957,3.2863,0.06275,1911,6.0,1,6.0307
0.041957,3.2654,0.00735,1910,6.0307,1,5.88
0.041957,3.2654,0.04025,3371,5.9,1,5.8
0.041957,3.2659,0.5096,3364,5.8,0,5.687
0.041957,3.2659,0.4904,1903,5.88,0,5.69
0.041957,3.2659,0.249,6559,5.03,0,5.548
0.041957,3.2659,0.018,13864,4.94,1,5.4499
0.03837,3.3208,0.2178,3350,5.687,0,5.69
0.03837,3.3208,0.5943333333333334,6545,5.548,0,5.69
0.03837,3.3208,0.4056666666666667,13850,5.4499,0,5.6499
0.03837,3.3208,0.7822,1889,5.69,0,5.69
0.03837,3.3172,0.4402666666666666,1875,5.69,0,5.68
0.03837,3.3172,0.1812666666666666,3336,5.69,0,5.68
0.03837,3.3172,0.3116666666666666,6531,5.69,0,5.66
0.03837,3.3172,0.22,13836,5.6499,0,5.63
0.03837,3.2522,0.0333333333333333,13822,5.63,1,5.535
0.03837,3.2522,0.6789,1861,5.68,0,5.569
0.03837,3.2522,0.3211,3322,5.68,0,5.61
0.03837,3.2522,0.9666666666666668,6517,5.66,0,5.6289
0.03837,3.1556,0.78,13808,5.535,0,5.314
0.03837,3.1556,0.197,3308,5.61,0,5.25
0.03837,3.1556,0.803,1847,5.569,0,5.089
0.03837,3.1556,0.22,6503,5.6289,0,5.29
0.034749,3.132,0.24255,3294,5.25,0,5.02
0.034749,3.132,0.9333333333333332,6489,5.29,0,5.14
0.034749,3.132,0.0666666666666666,13794,5.314,1,5.16
0.034749,3.132,0.75745,1833,5.089,0,4.71
0.034749,3.1539,0.0333333333333333,13780,5.16,1,5.225
0.034749,3.1539,0.1711,3280,5.02,0,5.0288
0.034749,3.1539,0.8289,1819,4.71,0,4.78
0.034749,3.1539,0.9666666666666668,6475,5.14,0,5.18
0.034749,3.1203,0.16805,3266,5.0288,0,4.9291
0.034749,3.1203,0.084,6461,5.18,1,5.0799
0.034749,3.1203,0.1766666666666666,13766,5.225,0,5.18
0.034749,3.1203,0.3424,1805,4.78,0,4.5799
0.031096,3.1323,0.014,13752,5.18,1,5.087
0.031096,3.1323,0.142,6447,5.0799,1,5.0099
0.031096,3.1323,0.5074,1791,4.5799,0,4.5788
0.031096,3.1323,0.1526,3252,4.9291,0,4.867
0.031096,3.1502,0.856,13738,5.087,0,5.068
0.031096,3.1502,0.144,6433,5.0099,1,4.98
0.031096,3.1502,0.2730666666666667,3238,4.867,0,4.78
0.031096,3.1502,0.7269333333333333,1777,4.5788,0,4.399
0.031096,3.1769,0.2,3224,4.78,0,4.7449
0.031096,3.1769,0.8,1763,4.399,0,4.4
0.031096,3.1769,0.1763333333333333,13724,5.068,0,5.08
0.031096,3.1769,0.3333333333333333,6419,4.98,0,4.998
0.028333,3.2769,0.238,6405,4.998,0,5.15
0.028333,3.2769,0.7043333333333334,1749,4.4,0,4.5899
0.028333,3.2769,0.058,13710,5.08,1,5.2175
0.028333,3.2769,0.2956666666666667,3210,4.7449,0,4.935
0.028333,3.2834,0.9566666666666668,6391,5.15,0,5.35
0.028333,3.2834,0.0433333333333333,13696,5.2175,1,5.3675
0.028333,3.2834,0.801,1735,4.5899,0,4.78
0.028333,3.2834,0.199,3196,4.935,0,5.148
0.028333,3.2232,0.3984,3182,5.148,0,4.97
0.028333,3.2232,0.3886666666666666,6377,5.35,0,5.29
0.028333,3.2232,0.0356666666666666,13682,5.3675,1,5.3075
0.028333,3.2232,0.6016,1721,4.78,0,4.637
0.026481,3.3149,0.521,13668,5.3075,0,5.4774
0.026481,3.3149,0.479,6363,5.29,0,5.4369
0.026481,3.3149,0.7474,1707,4.637,0,4.892
0.026481,3.3149,0.2526,3168,4.97,0,5.229
0.026481,3.2397,0.8328,1952,7.52,0,4.679
0.026481,3.2397,0.425,13640,5.4774,0,5.307
0.026481,3.2397,0.4376666666666666,6335,5.4369,0,5.25
0.026481,3.2249,0.2166666666666666,6321,5.25,0,5.11
0.026481,3.2249,0.91245,1938,4.679,0,4.7288
0.026481,3.2249,0.08755,3857,5.027,1,4.91
0.026481,3.2249,0.1296666666666666,13626,5.307,1,5.24
0.026481,3.2613,0.7927,1924,4.7288,0,4.685
0.026481,3.2613,0.03,13612,5.24,1,5.1875
0.026481,3.2613,0.0388,3843,4.91,1,4.88
0.026481,3.2613,0.0206666666666666,6307,5.11,1,5.0775
0.025552,3.2507,0.0343333333333333,13598,5.1875,1,5.125
0.025552,3.2507,0.9656666666666668,6293,5.0775,0,5.008
0.025552,3.2507,0.02552,3829,4.88,1,4.86
0.025552,3.2507,0.97448,1910,4.685,0,4.685
0.025552,3.2246,0.5673333333333334,6279,5.008,0,5.018
0.025552,3.2246,0.0386666666666666,13584,5.125,1,5.0775
0.025552,3.2246,0.8611333333333333,1896,4.685,0,4.578
0.025552,3.2246,0.1388666666666666,3815,4.86,1,4.87
0.025552,3.2981,0.136,3801,4.87,1,4.905
0.025552,3.2981,0.683,1882,4.578,0,4.52
0.025552,3.2981,0.9783333333333334,13570,5.0775,0,5.1049
0.025552,3.2981,0.0216666666666666,6265,5.018,1,5.0275
0.02462,3.3139,0.0318666666666666,3787,4.905,1,4.84
0.02462,3.3139,0.1266666666666666,6251,5.0275,1,5.04
0.02462,3.3139,0.8733333333333333,13556,5.1049,0,5.18
0.02462,3.3139,0.3416,1868,4.52,0,4.3
0.02462,3.4041,0.1553333333333333,3773,4.84,0,4.82
0.02462,3.4041,0.8000666666666667,1854,4.3,0,4.349
0.02462,3.4041,0.2736666666666666,6237,5.04,0,5.0899
0.02462,3.4041,0.3473333333333333,13542,5.18,0,5.178
0.02462,3.5424,0.0836,3758,4.82,1,4.92
0.02462,3.5424,0.9164,1839,4.349,0,4.4299
0.02462,3.5424,0.8266666666666667,13527,5.178,0,5.3
0.02462,3.5424,0.1733333333333333,6222,5.0899,0,5.178
0.02462,3.6753,0.7633333333333333,1826,4.4299,0,4.8
0.02462,3.6753,0.0506666666666666,3745,4.92,1,5.1875
0.02462,3.6753,0.5586666666666666,13514,5.3,0,5.49
0.02462,3.6753,0.1533333333333333,6209,5.178,0,5.38
0.02462,3.7543,0.0666666666666666,1792,4.8,1,5.582
0.02462,3.7335,0.015,1790,5.582,1,5.35
0.02462,3.7721,0.4,1784,5.35,0,5.45
0.02462,3.8521,0.0333333333333333,1509,4.892,1,5.35
0.02462,3.892,0.6666666666666666,1777,5.45,0,5.3876
0.02462,3.8452,0.235,3689,5.1875,0,5.61
0.02462,3.8452,0.2,13458,5.49,0,5.74
0.02462,3.8452,0.765,1770,5.3876,0,5.446
0.02462,3.7459,0.54,13444,5.74,0,5.72
0.02462,3.7459,0.1503333333333333,3675,5.61,0,5.548
0.02462,3.7459,0.8496666666666667,1756,5.446,0,5.318
0.02462,3.7459,0.46,6139,5.38,0,5.698
0.02462,3.7118,0.54,6125,5.698,0,5.6278
0.02462,3.7118,0.002,3661,5.548,1,5.3988
0.02462,3.7118,0.998,1742,5.318,0,5.1388
0.02462,3.7118,0.46,13430,5.72,0,5.69
0.02462,3.9873,0.1845,3647,5.3988,0,5.562
0.02462,3.9873,0.765,13416,5.69,0,5.74
0.02462,3.9873,0.8155,1728,5.1388,0,5.4788
0.02462,3.9873,0.235,6111,5.6278,0,5.665
0.02462,4.1652,0.311,3633,5.562,0,5.768
0.02462,4.1652,0.4856666666666667,6097,5.665,0,5.83
0.02462,4.1652,0.3285,1714,5.4788,0,5.71
0.02462,4.1652,0.5143333333333333,13402,5.74,0,5.91
0.02462,4.1369,0.7495,13388,5.91,0,5.93
0.02462,4.1369,0.2505,6083,5.83,0,5.85
0.02462,4.1369,0.1026,3619,5.768,1,5.79
0.02462,4.1369,0.8974,1700,5.71,0,5.618
0.02462,3.9505,0.652,13374,5.93,0,5.93
0.02462,3.9505,0.348,6069,5.85,0,5.885
0.02462,3.9505,0.2392,3605,5.79,0,5.855
0.02462,3.9505,0.7608,1686,5.618,0,5.547
0.02462,3.7079,0.45,13360,5.93,0,5.2698
0.02462,3.7079,0.14,3591,5.855,1,5.147
0.02462,3.7079,0.86,1672,5.547,0,4.757
0.02462,3.7079,0.55,6055,5.885,0,5.2598
0.02462,3.7019,0.5513333333333333,13346,5.2698,0,5.165
0.02462,3.7019,0.4486666666666666,6041,5.2598,0,5.055
0.02462,3.7019,0.409,3577,5.147,0,4.834
0.02462,3.7019,0.591,1658,4.757,0,4.628
0.02462,3.7792,0.04,6027,5.055,1,5.1475
0.02462,3.7792,0.96,13332,5.165,0,5.25
0.02462,3.7792,0.0566666666666666,3563,4.834,1,5.048
0.02462,3.7792,0.802,1644,4.628,0,4.77
0.02462,3.8925,0.4815,6013,5.1475,0,5.09
0.02462,3.8925,0.36275,13318,5.25,0,5.12
0.02462,3.8925,0.3524,1630,4.77,0,4.75
0.02462,3.8925,0.24,3549,5.048,0,4.976
0.02462,3.9013,0.58,1616,4.75,0,4.637
0.02462,3.9013,0.879,13304,5.12,0,5.0899
0.02462,3.9013,0.42,3535,4.976,0,4.84
0.02462,3.9013,0.121,5999,5.09,1,5.0785
0.02462,3.7208,0.5518333333333333,5971,5.0785,0,4.74
0.02462,3.7208,0.2984,3507,4.84,0,4.532
0.02462,3.7208,0.4481666666666666,13276,5.0899,0,4.76
0.02462,3.7615,0.18,5957,4.74,0,4.51
0.02462,3.7615,0.82,13262,4.76,0,4.5699
0.02462,3.7615,0.2312,3493,4.532,0,4.41
0.02462,3.7615,0.7688,2032,4.33,0,4.22
0.02462,3.6741,0.6033333333333334,13248,4.5699,0,4.45
0.02462,3.6741,0.3966666666666666,5943,4.51,0,4.37
0.02462,3.6741,0.2046,2018,4.22,0,4.09
0.02462,3.6741,0.7954,3479,4.41,0,4.22
0.02462,3.7206,0.1166666666666666,13234,4.45,1,4.438
0.02462,3.7206,0.4053333333333333,5929,4.37,0,4.378
0.02462,3.7206,0.3438666666666666,3465,4.22,0,4.21
0.02462,3.7206,0.6561333333333333,2004,4.09,0,4.072
0.02462,3.8129,0.482,13213,4.438,0,4.3988
0.02462,3.8129,0.0666666666666666,5908,4.378,1,4.2875
0.02462,3.8129,0.742,1983,4.072,0,3.998
0.02462,3.8129,0.258,3444,4.21,0,4.1749
0.02462,3.8646,0.33,5894,4.2875,0,4.3875
0.02462,3.8646,0.5476666666666666,13199,4.3988,0,4.5388
0.02462,3.8646,0.532,3430,4.1749,0,4.272
0.02462,3.8646,0.468,1969,3.998,0,4.08
0.02462,3.8563,0.1033333333333333,5880,4.3875,1,4.4488
0.02462,3.8563,0.192,13185,4.5388,0,4.57
0.02462,3.8563,0.6120666666666666,1955,4.08,0,4.14
0.02462,3.8563,0.3,3416,4.272,0,4.36
0.02462,3.9436,0.9098,1941,4.14,0,4.111
0.02462,3.9436,0.0902,3402,4.36,1,4.3983
0.02462,3.9436,0.0533333333333333,13171,4.57,1,4.5588
0.02462,3.9436,0.1633333333333333,5866,4.4488,0,4.48
0.02462,3.988,0.5018,1927,4.111,0,4.05
0.02462,3.988,0.3273333333333333,5852,4.48,0,4.358
0.02462,3.988,0.1336,3388,4.3983,1,4.24
0.02462,3.988,0.1673333333333333,13157,4.5588,0,4.478
0.02462,4.081,0.4653333333333333,5838,4.358,0,4.29
0.02462,4.081,0.2419,3374,4.24,0,4.2588
0.02462,4.081,0.7581,1913,4.05,0,4.019
0.02462,4.081,0.2433333333333333,13143,4.478,0,4.389
0.02462,3.871,0.472,13129,4.389,0,4.0538
0.02462,3.871,0.624,3360,4.2588,0,3.838
0.02462,3.871,0.528,5824,4.29,0,3.9269
0.02462,3.871,0.376,1899,4.019,0,3.6638
0.02462,3.8608,0.7165,1885,3.6638,0,3.3287
0.02462,3.8608,0.469,5810,3.9269,0,3.8088
0.02462,3.8608,0.352,13115,4.0538,0,3.97
0.02462,3.8608,0.2835,3346,3.838,0,3.6
0.02462,3.8564,0.6905,1871,3.3287,0,3.1084
0.02462,3.8564,0.5933333333333334,5796,3.8088,0,3.5599
0.02462,3.8564,0.4066666666666667,13101,3.97,0,3.7788
0.02462,3.8564,0.279,3332,3.6,0,3.42
0.02462,3.7624,0.36,5782,3.5599,0,3.54
0.02462,3.7624,0.6955,1857,3.1084,0,2.8184
0.02462,3.7624,0.3045,3318,3.42,0,3.3
0.02462,3.7624,0.1933333333333333,13087,3.7788,0,3.73
0.02462,3.79,0.1633333333333333,5768,3.54,0,3.52
0.02462,3.79,0.5284,1843,2.8184,0,2.88
0.02462,3.79,0.3566666666666667,13073,3.73,0,3.68
0.02462,3.79,0.4716,3304,3.3,0,3.31
0.022751,3.9736,0.5583333333333333,13059,3.68,0,3.6189
0.022751,3.9736,0.5085,1829,2.88,0,2.788
0.022751,3.9736,0.4416666666666666,5754,3.52,0,3.44
0.022751,3.9736,0.4915,3290,3.31,0,3.2
0.022751,4.1557,0.11,13045,3.6189,1,3.71
0.022751,4.1557,0.452,1815,2.788,0,2.98
0.022751,4.1557,0.18,5740,3.44,0,3.537
0.022751,4.1557,0.21,3276,3.2,0,3.31
0.022751,4.1108,0.065,13031,3.71,1,3.7888
0.022751,4.1108,0.84,1801,2.98,0,2.9688
0.022751,4.1108,0.16,3262,3.31,0,3.3545
0.022751,4.1108,0.7,5726,3.537,0,3.6
0.020872,4.1721,0.507,13017,3.7888,0,3.6088
0.020872,4.1721,0.1645333333333333,3248,3.3545,0,3.1388
0.020872,4.1721,0.47,5712,3.6,0,3.418
0.020872,4.1721,0.8354666666666667,1787,2.9688,0,2.655
0.020872,4.0868,0.3086,3234,3.1388,0,3.0377
0.020872,4.0868,0.691,5698,3.418,0,3.32
0.020872,4.0868,0.6914,1773,2.655,0,2.5899
0.020872,4.0868,0.22,13003,3.6088,0,3.5588
0.020872,4.0858,0.497,12989,3.5588,0,3.3619
0.020872,4.0858,0.2594,3220,3.0377,0,2.7684
0.020872,4.0858,0.7406,1759,2.5899,0,2.23
0.020872,4.0858,0.38,5684,3.32,0,3.078
0.018985,4.0043,0.32,5670,3.078,0,2.845
0.018985,4.0043,0.169,12975,3.3619,0,3.23
0.018985,4.0043,0.1266666666666666,3206,2.7684,1,2.57
0.018985,4.0043,0.8733333333333333,1745,2.23,0,2.084
0.018985,4.2084,0.182,12961,3.23,0,3.43
0.018985,4.2084,0.162,3192,2.57,0,2.79
0.018985,4.2084,0.838,1731,2.084,0,2.179
0.018985,4.2084,0.15,5656,2.845,0,3.089
0.018985,4.2008,0.5,1717,2.179,0,2.3888
0.018985,4.2008,0.5,3178,2.79,0,2.939
0.018985,4.2008,0.115,12947,3.43,1,3.618
0.018985,4.2008,0.551,5642,3.089,0,3.27
0.017089,4.0687,0.116,5628,3.27,1,3.21
0.017089,4.0687,0.6962,1703,2.3888,0,2.2839
0.017089,4.0687,0.2606,3164,2.939,0,2.92
0.017089,4.0687,0.555,12933,3.618,0,3.4938
0.017089,4.0841,0.215,12912,3.4938,0,3.619
0.017089,4.2014,0.215,12898,3.619,0,3.5768
0.017089,4.2014,0.785,7512,3.53,0,3.5319
0.017089,4.2014,0.13,3859,3.1989,1,3.198
0.017089,4.2014,0.87,1941,2.6239,0,2.6119
0.017089,4.2381,0.398,3845,3.198,0,3.0219
0.017089,4.2381,0.602,1927,2.6119,0,2.493
0.017089,4.2381,0.755,7498,3.5319,0,3.4619
0.017089,4.2381,0.245,12884,3.5768,0,3.537
0.016137,4.3471,0.915,12870,3.537,0,3.39
0.016137,4.3471,0.402,3831,3.0219,0,2.89
0.016137,4.3471,0.598,1913,2.493,0,2.3476
0.016137,4.3471,0.085,7484,3.4619,1,3.31
0.016137,4.4883,0.3716666666666666,3817,2.89,0,2.928
0.016137,4.4883,0.78,7470,3.31,0,3.422
0.016137,4.4883,0.22,12856,3.39,0,3.5287
0.016137,4.4883,0.6283333333333333,1899,2.3476,0,2.25
0.016137,4.8833,0.005,3078,2.92,1,4.1
0.016137,4.8833,0.0138,3808,2.928,1,4.3
0.016137,4.7362,0.0216666666666666,5541,3.21,1,3.8
0.016137,4.9471,0.2733333333333333,12843,3.5287,0,4.5
0.016137,4.9471,0.1666666666666666,11109,4.35,0,4.5
0.016137,4.9471,0.0166666666666666,5538,3.8,1,4.0
0.016137,5.0496,0.0333333333333333,7456,3.422,1,4.23
0.016137,5.0496,0.02,1612,2.2839,1,2.77
0.016137,5.0496,0.02,12842,4.5,1,4.4
0.016137,5.0496,0.0333333333333333,11108,4.5,1,4.38
0.016137,5.1107,0.2535,12841,4.4,0,4.65
0.016137,5.1107,0.0353333333333333,11107,4.38,1,4.65
0.016137,5.1107,0.02,1611,2.77,1,3.1
0.016137,5.1107,0.01,5536,4.0,1,4.15
0.016137,5.1107,0.0263333333333333,9189,4.5,1,4.65
0.016137,5.1107,0.0333333333333333,7455,4.23,1,4.4898
0.014227,5.1444,0.1666666666666666,9188,4.65,0,4.75
0.014227,5.1444,0.0013333333333333,11106,4.65,1,4.72
0.014227,5.1444,0.01,3071,4.1,1,4.3
0.014227,5.1444,0.0033333333333333,5535,4.15,1,4.48
0.014227,5.1444,0.004,7454,4.4898,1,4.75
0.014227,5.1444,0.01,2340,5.229,1,4.15
0.014227,5.0248,0.02,3070,4.3,1,4.01
0.014227,5.0248,0.01,3800,4.3,1,4.19
0.014227,5.0248,0.0072,1609,3.1,1,3.75
0.014227,5.0248,0.0033,2339,4.15,1,4.0
0.014227,5.0713,0.0413,874,5.35,1,3.41
0.014227,5.0706,0.02,873,3.41,1,3.1
0.014227,5.1987,0.176,12828,4.65,0,4.4995
0.014227,5.1987,0.41,1871,2.25,0,3.3989
0.014227,5.1987,0.01,7442,4.75,1,4.3675
0.014227,5.1987,0.045,3789,4.19,1,3.9695
0.014227,5.1858,0.9083333333333332,1857,3.3989,0,2.9
0.014227,5.1858,0.51,7428,4.3675,0,4.46
0.014227,5.1858,0.49,12814,4.4995,0,4.65
0.014227,5.1858,0.0916666666666666,3775,3.9695,1,3.8
0.014227,5.5683,0.99,12800,4.65,0,4.5691
0.014227,5.5683,0.9,1843,2.9,0,3.38
0.014227,5.5683,0.01,7414,4.46,1,4.4595
0.014227,5.5683,0.1,3761,3.8,1,3.9675
0.011345,5.7723,0.4666666666666667,7400,4.4595,0,4.419
0.011345,5.7723,0.0713,3747,3.9675,1,3.949
0.011345,5.7723,0.5333333333333333,12786,4.5691,0,4.4687
0.011345,5.7723,0.9287,1829,3.38,0,2.975
0.011345,5.3707,0.0925,7386,4.419,1,4.11
0.011345,5.3707,0.0993333333333333,3733,3.949,1,3.49
0.011345,5.3707,0.9006666666666666,1815,2.975,0,2.3648
0.011345,5.3707,0.255,12772,4.4687,0,4.3188
0.011345,4.9057,0.2033333333333333,12758,4.3188,0,4.13
0.011345,4.9057,0.925,1801,2.3648,0,2.1589
0.011345,4.9057,0.075,3719,3.49,1,3.409
0.011345,4.9057,0.7966666666666666,7372,4.11,0,4.049
0.008442,5.1705,0.0925,3705,3.409,1,3.385
0.008442,5.1705,0.04,12744,4.13,1,4.32
0.008442,5.1705,0.8315,1787,2.1589,0,2.2744
0.008442,5.1705,0.115,7358,4.049,1,4.148
0.008442,5.3318,0.9435,7344,4.148,0,3.907
0.008442,5.3318,0.0382,3691,3.385,1,3.08
0.008442,5.3318,0.9618,1773,2.2744,0,1.96
0.008442,5.3318,0.0565,12730,4.32,1,4.02
0.008442,5.2283,0.095,12716,4.02,1,3.8575
0.008442,5.2283,0.362,7330,3.907,0,3.701
0.008442,5.2283,0.8615,1759,1.96,0,1.91125
0.008442,5.2283,0.1385,3677,3.08,1,2.934
0.008442,5.3329,0.942,1745,1.91125,0,1.91125
0.008442,5.3329,0.03,12702,3.8575,1,3.72
0.008442,5.3329,0.12,7316,3.701,1,3.5
0.008442,5.3329,0.058,3663,2.934,1,2.768
0.007469,5.4659,0.1793333333333333,7302,3.5,0,3.75
0.007469,5.4659,0.6142333333333333,1731,1.91125,0,1.91125
0.007469,5.4659,0.23,12688,3.72,0,3.96
0.007469,5.4659,0.0766666666666666,3649,2.768,1,3.075
0.007469,5.3732,0.9114285714285716,1717,1.91125,0,1.91125
0.007469,5.3732,0.3533333333333333,12674,3.96,0,4.049
0.007469,5.3732,0.0773333333333333,7288,3.75,1,3.778
0.007469,5.3732,0.0885714285714285,3635,3.075,1,3.04
0.007469,5.2728,0.032,12660,4.049,1,4.1
0.007469,5.2728,0.2895,7274,3.778,0,3.868
0.007469,5.2728,0.6346666666666667,1703,1.91125,0,1.91125
0.007469,5.2728,0.0773333333333333,3621,3.04,1,3.15
0.007469,5.6528,0.022,7260,3.868,1,4.15
0.007469,5.6528,0.2533333333333333,3607,3.15,0,3.518
0.007469,5.6528,0.978,12646,4.1,0,4.35
0.007469,5.6528,0.7466666666666667,1689,1.91125,0,2.32
0.007469,5.5859,0.8526666666666667,1675,2.32,0,2.2847
0.007469,5.5859,0.1473333333333333,3593,3.518,1,3.4
0.007469,5.5859,0.91,12632,4.35,0,4.254
0.007469,5.5859,0.065,7246,4.15,1,4.058
0.007469,5.583,1.0,937,4.637,0,1.91125
0.007469,5.6491,0.8662,1661,2.2847,0,2.4727
0.007469,5.6491,0.815,12618,4.254,0,4.33
0.007469,5.6491,0.1338,3579,3.4,1,3.6
0.007469,5.6491,0.1,7232,4.058,1,4.13
0.007469,5.6895,1.0,923,1.91125,0,1.91125
0.007469,5.3696,0.665,12604,4.33,0,4.25
0.007469,5.3696,0.7424,1647,2.4727,0,2.2988
0.007469,5.3696,0.2576,3565,3.6,0,3.339
0.007469,5.3696,0.085,7218,4.13,1,3.99
0.007469,5.4037,0.6375,1633,2.2988,0,2.51
0.007469,5.4037,0.3625,3551,3.339,0,3.51
0.007469,5.4037,0.94,12590,4.25,0,4.365
0.007469,5.4037,0.06,7204,3.99,1,4.17
0.007469,5.2789,1.0,895,1.91125,0,1.91125
0.007469,5.092,0.88,12576,4.365,0,4.0799
0.007469,5.092,0.4307,3537,3.51,0,3.13
0.007469,5.092,0.5693,1619,2.51,0,2.0097
0.007469,5.092,0.12,7190,4.17,1,3.94
0.007469,5.0968,1.0,881,1.91125,0,1.91125
0.007469,5.3269,1.0,3509,3.13,0,2.89
0.007469,5.3269,1.0,2048,4.0,0,2.3407
0.007469,5.3269,1.0,12548,4.0799,0,3.82
0.007469,5.4637,1.0,1311,3.75,0,1.952
0.007469,5.4637,0.23,7155,3.94,0,3.8
0.007469,5.4637,1.0,2772,4.01,0,3.0447
0.007469,5.2945,1.0,12534,3.82,0,4.089
0.007469,5.2945,1.0,3495,2.89,0,3.21
0.007469,5.2945,1.0,2034,2.3407,0,2.678
0.007469,5.3865,1.0,1297,1.952,0,2.123
0.007469,5.3865,0.53,7141,3.8,0,3.9
0.007469,5.3865,0.9724666666666668,2758,3.0447,0,3.1839
0.007469,5.3875,1.0,12520,4.089,0,4.0834
0.007469,5.3875,1.0,3481,3.21,0,3.168
0.007469,5.3875,1.0,2020,2.678,0,2.58
0.007469,5.4216,1.0,7127,3.9,0,3.798
0.007469,5.4216,1.0,2744,3.1839,0,3.08
0.007469,5.4216,1.0,1283,2.123,0,2.008
0.007469,5.449,1.0,3460,3.168,0,3.428
0.007469,5.449,1.0,1999,2.58,0,2.8225
0.007469,5.449,1.0,12499,4.0834,0,4.2334
0.007469,5.6844,1.0,2723,3.08,0,3.64
0.007469,5.6844,1.0,1262,2.008,0,2.766
0.007469,5.6844,1.0,7106,3.798,0,4.168
0.007469,5.8397,0.84,3446,3.428,0,3.588
0.007469,5.8397,1.0,12485,4.2334,0,4.4195
0.007469,5.8397,0.6161,1985,2.8225,0,3.09
0.007469,5.5851,1.0,2709,3.64,0,3.4289
0.007469,5.5851,1.0,7092,4.168,0,4.0089
0.007469,5.5851,1.0,1248,2.766,0,2.51
0.010379,5.4951,1.0,12471,4.4195,0,4.5032
0.010379,5.4951,1.0,3432,3.588,0,3.93
0.010379,5.4951,1.0,1971,3.09,0,3.4595
0.010379,5.7642,1.0,7078,4.0089,0,4.28
0.010379,5.7642,1.0,1234,2.51,0,3.123
0.010379,5.7642,1.0,2695,3.4289,0,3.889
0.010379,5.6263,1.0,1957,3.4595,0,3.6219
0.010379,5.6263,1.0,3418,3.93,0,4.01
0.010379,5.6263,1.0,12457,4.5032,0,4.5472
0.010379,5.7064,1.0,7064,4.28,0,4.3099
0.010379,5.7064,0.7196666666666667,2681,3.889,0,4.08
0.010379,5.7064,1.0,1220,3.123,0,3.32
0.010379,5.5266,1.0,1943,3.6219,0,3.6728
0.010379,5.5266,1.0,3404,4.01,0,4.1347
0.010379,5.5266,1.0,12443,4.5472,0,4.484
0.010379,5.4424,1.0,2667,4.08,0,3.688
0.010379,5.4424,1.0,1206,3.32,0,2.759
0.010379,5.4424,1.0,7050,4.3099,0,4.176
0.010379,5.4505,0.6633333333333333,12429,4.484,0,4.528
0.010379,5.4505,1.0,1929,3.6728,0,3.41
0.010379,5.4505,1.0,3390,4.1347,0,4.0788
0.013269,5.2403,1.0,2653,3.688,0,3.795
0.013269,5.2403,1.0,7036,4.176,0,4.315
0.013269,5.2403,1.0,1192,2.759,0,2.7245
0.013269,5.2588,0.6506666666666666,3376,4.0788,0,4.03
0.013269,5.2588,1.0,12415,4.528,0,4.4915
0.013269,5.2588,1.0,1915,3.41,0,3.49
0.013269,5.3143,0.27,7022,4.315,0,4.308
0.013269,5.3143,1.0,1178,2.7245,0,2.9161
0.013269,5.3143,1.0,2639,3.795,0,3.887
0.013269,5.1636,1.0,12401,4.4915,0,4.408
0.013269,5.1636,1.0,3362,4.03,0,3.939
0.013269,5.1636,1.0,1901,3.49,0,3.379
0.013269,5.0489,1.0,7008,4.308,0,4.0999
0.013269,5.0489,1.0,2625,3.887,0,3.634
0.013269,5.0489,1.0,1164,2.9161,0,2.7688
0.013269,5.0874,0.9788333333333332,3348,3.939,0,3.979
0.013269,5.0874,1.0,12387,4.408,0,4.3677
0.013269,5.0874,1.0,1887,3.379,0,3.5288
0.016137,5.0178,1.0,6994,4.0999,0,4.3168
0.016137,5.0178,1.0,2611,3.634,0,4.019
0.016137,5.0178,1.0,1150,2.7688,0,3.4
0.016137,4.945,1.0,12373,4.3677,0,4.414
0.016137,4.945,1.0,3334,3.979,0,4.018
0.016137,4.945,1.0,1873,3.5288,0,3.709
0.016137,5.1645,1.0,6980,4.3168,0,4.3089
0.016137,5.1645,0.96,2597,4.019,0,3.96
0.016137,5.1645,1.0,1136,3.4,0,3.314
0.016137,5.177,1.0,12359,4.414,0,4.424
0.016137,5.177,1.0,3320,4.018,0,4.1825
0.016137,5.177,1.0,1859,3.709,0,3.7665
0.016137,5.2465,1.0,1122,3.314,0,3.224
0.016137,5.2465,1.0,6966,4.3089,0,4.2389
0.016137,5.2465,1.0,2583,3.96,0,3.8679
0.016137,5.1669,1.0,1845,3.7665,0,3.82
0.016137,5.1669,1.0,12345,4.424,0,4.5
0.016137,5.1669,0.9846666666666668,3306,4.1825,0,4.129
0.016137,5.2464,1.0,2569,3.8679,0,4.299
0.016137,5.2464,1.0,6952,4.2389,0,4.4775
0.016137,5.2464,0.176,1108,3.224,0,3.824
0.01993,5.2217,1.0,12331,4.5,0,4.738
0.01993,5.2217,1.0,1831,3.82,0,4.2375
0.01993,5.2217,1.0,3292,4.129,0,4.4867
0.01993,5.2585,1.0,1094,3.824,0,4.195
0.01993,5.2585,1.0,6938,4.4775,0,4.8197
0.01993,5.2585,1.0,2555,4.299,0,4.617
0.01993,5.3017,1.0,3278,4.4867,0,4.674
0.01993,5.3017,1.0,12317,4.738,0,4.864
0.01993,5.3017,1.0,1817,4.2375,0,4.483
0.01993,5.1433,1.0,6924,4.8197,0,4.7393
0.01993,5.1433,1.0,2541,4.617,0,4.499
0.01993,5.1433,1.0,1080,4.195,0,4.0798
0.01993,5.1773,1.0,1804,4.483,0,4.54
0.01993,5.1773,1.0,3265,4.674,0,4.6978
0.01993,5.1773,1.0,12304,4.864,0,4.8999
0.01993,5.226,1.0,1066,4.0798,0,4.195
0.01993,5.226,1.0,2527,4.499,0,4.6394
0.01993,5.226,1.0,6910,4.7393,0,4.798
0.01993,5.3044,1.0,1789,4.54,0,4.55
0.01993,5.3044,1.0,12289,4.8999,0,4.929
0.01993,5.3044,1.0,3250,4.6978,0,4.729
0.023687,5.4206,1.0,1052,4.195,0,4.295
0.023687,5.4206,1.0,2513,4.6394,0,4.759
0.023687,5.4206,1.0,6896,4.798,0,4.9584
0.023687,5.4611,0.9241666666666668,3236,4.729,0,4.919
0.023687,5.4611,1.0,1775,4.55,0,4.715
0.023687,5.4611,0.787,12275,4.929,0,5.08
0.023687,5.5161,1.0,2500,4.759,0,4.85
0.023687,5.5161,1.0,1039,4.295,0,4.315
0.023687,5.5161,1.0,6883,4.9584,0,5.0449
0.023687,5.5521,1.0,12261,5.08,0,5.288
0.023687,5.5521,1.0,3222,4.919,0,5.12
0.023687,5.5521,1.0,1761,4.715,0,4.95
0.023687,5.58,1.0,6868,5.0449,0,5.463
0.023687,5.58,1.0,2485,4.85,0,5.3975
0.023687,5.58,1.0,1024,4.315,0,5.3475
0.029256,5.6694,0.901,1748,4.95,0,5.527
0.029256,5.6694,1.0,3209,5.12,0,5.507
0.029256,5.6694,1.0,12248,5.288,0,5.527
0.029256,5.4957,1.0,1010,5.3475,0,5.347
0.029256,5.4957,0.1766666666666666,6854,5.463,0,5.2778
0.029256,5.4957,1.0,2471,5.3975,0,5.2495
0.029256,5.4772,1.0,1733,5.527,0,5.245
0.029256,5.4772,1.0,12233,5.527,0,5.295
0.029256,5.4772,1.0,3194,5.507,0,5.2589
0.029256,5.6456,1.0,996,5.347,0,5.445
0.029256,5.6456,1.0,6840,5.2778,0,5.3788
0.029256,5.6456,1.0,2457,5.2495,0,5.3284
0.029256,5.6199,0.6884,1719,5.245,0,5.0688
0.029256,5.6199,1.0,3180,5.2589,0,5.1389
0.029256,5.6199,1.0,12219,5.295,0,5.308
0.029256,5.6411,1.0,6826,5.3788,0,5.228
0.029256,5.6411,1.0,2443,5.3284,0,5.0848
0.029256,5.6411,0.9776666666666668,982,5.445,0,5.047
0.034749,5.6461,1.0,12205,5.308,0,5.1
0.034749,5.6461,1.0,1705,5.0688,0,4.955
0.034749,5.6461,1.0,3166,5.1389,0,5.0
0.034749,5.6776,1.0,1227,2.0097,0,5.245
0.034749,5.6776,1.0,8532,4.75,0,5.5
0.034749,5.6351,1.0,4872,4.48,0,5.6677
0.034749,5.5213,0.8266666666666667,3862,5.2438,0,5.6593
0.034749,5.5213,1.0,1213,5.245,0,5.5848
0.034749,5.5213,0.342,8518,5.5,0,5.76
0.034749,5.4971,0.9904,1936,5.5279,0,5.3399
0.034749,5.4971,1.0,14082,5.7399,0,5.6849
0.034749,5.4971,1.0,4858,5.6677,0,5.6189
0.034749,5.281,1.0,1199,5.5848,0,5.5199
0.034749,5.281,1.0,8504,5.76,0,5.6588
0.034749,5.281,0.78,3848,5.6593,0,5.55
0.040168,5.2699,0.6833333333333333,14068,5.6849,0,5.59
0.040168,5.2699,0.91,4844,5.6189,0,5.569
0.040168,5.2699,0.6533333333333333,1922,5.3399,0,5.32
0.040168,5.1881,0.2823333333333333,8490,5.6588,0,5.695
0.040168,5.1881,1.0,3834,5.55,0,5.598
0.040168,5.1881,1.0,1185,5.5199,0,5.4265
0.040168,5.0611,1.0,14054,5.59,0,5.7428
0.040168,5.0611,0.8333333333333334,4830,5.569,0,5.719
0.040168,5.0611,1.0,1908,5.32,0,5.509
0.040168,5.0903,1.0,1164,5.4265,0,5.859
0.040168,5.0903,0.8,3813,5.598,0,5.927
0.040168,5.0903,0.1,8469,5.695,1,5.918
0.040168,5.1314,1.0,1887,5.509,0,5.76
0.040168,5.1314,1.0,14033,5.7428,0,5.9584
0.040168,5.1314,1.0,4809,5.719,0,5.908
0.043739,4.9208,1.0,1150,5.859,0,5.529
0.043739,4.9208,1.0,8455,5.918,0,5.9
0.043739,4.9208,1.0,3799,5.927,0,5.763
0.043739,4.7486,1.0,1873,5.76,0,5.14
0.043739,4.7486,0.941,4795,5.908,0,5.46
0.043739,4.7486,0.751,14019,5.9584,0,5.6
0.043739,4.64,0.914,8441,5.9,0,5.578
0.043739,4.64,1.0,1136,5.529,0,5.199
0.043739,4.64,1.0,3785,5.763,0,5.3997
0.043739,4.6483,1.0,1859,5.14,0,5.5086
0.043739,4.6483,1.0,14005,5.6,0,5.788
0.043739,4.6483,1.0,4781,5.46,0,5.6342
0.043739,4.6664,1.0,3771,5.3997,0,5.592
0.043739,4.6664,0.8223333333333334,8427,5.578,0,5.778
0.043739,4.6664,1.0,1122,5.199,0,5.48
0.043739,4.9666,0.7503,4767,5.6342,0,5.6699
0.043739,4.9666,0.342,13991,5.788,0,5.838
0.043739,4.9666,0.7781333333333333,1845,5.5086,0,5.51
0.043739,5.0167,1.0,1108,5.48,0,5.5899
0.043739,5.0167,1.0,3757,5.592,0,5.7019
0.043739,5.0167,0.529,8413,5.778,0,5.85
0.047279,5.139,1.0,4753,5.6699,0,5.7968
0.047279,5.139,1.0,13977,5.838,0,5.94
0.047279,5.139,0.685,1831,5.51,0,5.628
0.047279,4.9676,0.7166,3743,5.7019,0,5.63
0.047279,4.9676,1.0,8399,5.85,0,5.7988
0.047279,4.9676,0.8946,1094,5.5899,0,5.499
0.047279,4.8106,0.8466666666666667,1817,5.628,0,5.569
0.047279,4.8106,0.9348666666666666,4739,5.7968,0,5.7398
0.047279,4.8106,1.0,13963,5.94,0,5.8959
0.047279,4.7289,1.0,3729,5.63,0,5.732
0.047279,4.7289,1.0,1080,5.499,0,5.832
0.047279,4.7289,0.0716666666666666,8385,5.7988,1,5.83
0.047279,4.8909,1.0,1803,5.569,0,5.635
0.047279,4.8909,1.0,13949,5.8959,0,5.9499
0.047279,4.8909,0.412,4725,5.7398,0,5.785
0.047279,5.1203,1.0,3715,5.732,0,5.724
0.047279,5.1203,0.561,8371,5.83,0,5.9
0.047279,5.1203,1.0,1066,5.832,0,5.8415
0.049037,5.1462,0.4663333333333333,13935,5.9499,0,5.97
0.049037,5.1462,0.4183333333333333,4711,5.785,0,5.75
0.049037,5.1462,1.0,1789,5.635,0,5.614
0.049037,5.2179,0.554,1052,5.8415,0,5.875
0.049037,5.2179,0.1903333333333333,8357,5.9,0,5.98
0.049037,5.2179,1.0,3701,5.724,0,5.839
0.049037,5.3899,0.7643333333333333,4697,5.75,0,6.043
0.049037,5.3899,0.6526666666666666,13921,5.97,0,6.17
0.049037,5.3899,0.8086666666666666,1775,5.614,0,5.9699
0.049037,5.412,0.648,1038,5.875,0,6.444
0.049037,5.412,1.0,3687,5.839,0,6.1815
0.049037,5.412,0.314,8343,5.98,0,6.33
0.049037,5.3904,1.0,13907,6.17,0,6.3315
0.049037,5.3904,0.782,4683,6.043,0,6.27
0.049037,5.3904,1.0,1761,5.9699,0,6.378
0.049037,5.3608,1.0,3673,6.1815,0,6.245
0.049037,5.3608,1.0,1024,6.444,0,6.594
0.049037,5.3608,0.2736666666666666,8329,6.33,0,6.247
0.049037,5.2329,0.8676666666666667,4669,6.27,0,6.224
0.049037,5.2329,1.0,13893,6.3315,0,6.2899
0.049037,5.2329,1.0,1747,6.378,0,6.072
0.050788,5.1224,0.7073333333333334,3659,6.245,0,5.769
0.050788,5.1224,1.0,1010,6.594,0,5.6394
0.050788,5.1224,0.9471666666666668,8315,6.247,0,5.974
0.050788,5.134,1.0,4655,6.224,0,5.8198
0.050788,5.134,1.0,1733,6.072,0,5.668
0.050788,5.134,1.0,13879,6.2899,0,5.9064
0.050788,5.103,1.0,3645,5.769,0,5.8677
0.050788,5.103,0.5693333333333334,8301,5.974,0,5.953
0.050788,5.103,1.0,996,5.6394,0,5.954
0.050788,5.0617,1.0,4641,5.8198,0,5.9187
0.050788,5.0617,1.0,1719,5.668,0,5.898
0.050788,5.0617,1.0,13865,5.9064,0,6.0099
0.050788,5.2228,0.9676666666666668,8287,5.953,0,5.979
0.050788,5.2228,1.0,3631,5.8677,0,5.9087
0.050788,5.2228,1.0,982,5.954,0,6.25
0.050788,5.1794,1.0,13851,6.0099,0,5.9864
0.050788,5.1794,1.0,4627,5.9187,0,5.9264
0.050788,5.1794,1.0,1705,5.898,0,5.843
0.050788,5.1705,1.0,3617,5.9087,0,5.804
0.050788,5.1705,1.0,968,6.25,0,6.0999
0.050788,5.1705,1.0,8273,5.979,0,5.898
0.050788,5.3508,1.0,13837,5.9864,0,5.87
0.050788,5.3508,1.0,4613,5.9264,0,5.8251
0.050788,5.3508,1.0,1691,5.843,0,5.7937
0.050788,5.1411,1.0,8259,5.898,0,5.7467
0.050788,5.1411,1.0,954,6.0999,0,5.895
0.050788,5.1411,1.0,3603,5.804,0,5.712
0.050788,5.2068,1.0,1677,5.7937,0,5.723
0.050788,5.2068,1.0,13823,5.87,0,5.8399
0.050788,5.2068,1.0,4599,5.8251,0,5.828
0.050788,5.2697,1.0,3589,5.712,0,5.7448
0.050788,5.2697,1.0,940,5.895,0,5.707
0.050788,5.2697,0.1933333333333333,8245,5.7467,0,5.83
0.050788,5.3091,1.0,4585,5.828,0,5.798
0.050788,5.3091,1.0,1663,5.723,0,5.7047
0.050788,5.3091,1.0,13809,5.8399,0,5.8399
0.050788,5.15,0.9426,3575,5.7448,0,5.71
0.050788,5.15,0.6033333333333334,8231,5.83,0,5.7549
0.050788,5.15,1.0,926,5.707,0,5.3488
0.050788,5.1744,1.0,4571,5.798,0,5.8864
0.050788,5.1744,1.0,1649,5.7047,0,5.719
0.050788,5.1744,1.0,13795,5.8399,0,5.9264
0.050788,5.3013,1.0,3562,5.71,0,6.0897
0.050788,5.3013,1.0,913,5.3488,0,6.0515
0.050788,5.3013,1.0,8218,5.7549,0,6.1373
0.050788,5.3339,0.9656666666666668,4557,5.8864,0,6.2175
0.050788,5.3339,1.0,13781,5.9264,0,6.226
0.050788,5.3339,1.0,1635,5.719,0,6.1964
0.050788,5.3076,0.341,8203,6.1373,0,6.23
0.050788,5.3076,1.0,3547,6.0897,0,6.2377
0.050788,5.3076,1.0,898,6.0515,0,6.61
0.050788,5.2396,1.0,1621,6.1964,0,6.1597
0.050788,5.2396,1.0,13767,6.226,0,6.1467
0.050788,5.2396,1.0,4543,6.2175,0,6.1367
0.050788,5.2669,1.0,884,6.61,0,6.3798
0.050788,5.2669,0.2613333333333333,8189,6.23,0,6.298
0.050788,5.2669,0.8006666666666666,3533,6.2377,0,6.278
0.050788,5.3759,0.2436666666666666,10086,4.72,0,6.33
0.050788,5.3759,1.0,1320,4.955,0,6.377
0.050788,5.2395,0.5733333333333334,6427,5.228,0,6.337
0.050788,5.2395,0.172,13732,6.1467,0,6.353
0.050788,5.2395,1.0,2044,5.0848,0,6.28
0.050788,5.1203,1.0,3771,6.2564,0,6.0615
0.050788,5.1203,0.01,10072,6.33,1,6.22
0.050788,5.1203,1.0,1306,6.377,0,6.075
0.050788,5.1696,1.0,6413,6.337,0,6.4475
0.050788,5.1696,0.324,13718,6.353,0,6.478
0.050788,5.1696,1.0,2030,6.28,0,6.1778
0.050788,5.0993,1.0,10058,6.22,0,6.47
0.050788,5.0993,0.8066666666666666,1292,6.075,0,6.1624
0.050788,5.0993,1.0,3757,6.0615,0,6.392
0.050788,5.1695,0.2546666666666666,13704,6.478,0,6.442
0.050788,5.1695,0.5746666666666667,2016,6.1778,0,6.305
0.050788,5.1695,0.2976666666666667,6399,6.4475,0,6.441
0.050788,5.1507,0.9251,1278,6.1624,0,6.029
0.050788,5.1507,0.1413333333333333,3743,6.392,1,6.31
0.050788,5.1507,1.0,10044,6.47,0,6.435
0.050788,5.2078,1.0,13683,6.442,0,6.4764
0.050788,5.2078,1.0,6378,6.441,0,6.4584
0.050788,5.2078,1.0,1995,6.305,0,6.157
0.050788,5.1901,1.0,1257,6.029,0,5.91
0.050788,5.1901,0.2596666666666666,10023,6.435,0,6.4766
0.050788,5.1901,1.0,3722,6.31,0,6.387
0.050788,5.2362,1.0,6364,6.4584,0,6.407
0.050788,5.2362,0.5453333333333333,13669,6.4764,0,6.417
0.050788,5.2362,1.0,1981,6.157,0,5.998
0.050788,5.2444,0.2723333333333333,10009,6.4766,0,6.3999
0.050788,5.2444,1.0,1243,5.91,0,5.737
0.050788,5.2444,1.0,3708,6.387,0,6.214
0.050788,5.1733,0.8146666666666667,6350,6.407,0,6.218
0.050788,5.1733,1.0,1967,5.998,0,5.9177
0.050788,5.1733,1.0,13655,6.417,0,6.232
0.050788,5.0762,1.0,3694,6.214,0,6.068
0.050788,5.0762,1.0,1229,5.737,0,5.6788
0.050788,5.0762,0.6266666666666667,9995,6.3999,0,6.199
0.050788,5.0128,1.0,1953,5.9177,0,5.819
0.050788,5.0128,0.218,6336,6.218,0,6.15
0.050788,5.0128,0.2926666666666667,13641,6.232,0,6.158
0.050788,4.9678,1.0,1215,5.6788,0,5.575
0.050788,4.9678,1.0,9981,6.199,0,6.0758
0.050788,4.9678,1.0,3680,6.068,0,5.995
0.050788,5.0613,1.0,1939,5.819,0,5.7839
0.050788,5.0613,0.438,6322,6.15,0,6.03
0.050788,5.0613,0.4233333333333333,13627,6.158,0,6.04
0.050788,5.0334,1.0,9967,6.0758,0,6.0173
0.050788,5.0334,1.0,1201,5.575,0,5.7039
0.050788,5.0334,1.0,3666,5.995,0,6.0189
0.050788,5.0007,1.0,6308,6.03,0,5.979
0.050788,5.0007,1.0,1925,5.7839,0,5.55
0.050788,5.0007,1.0,13613,6.04,0,5.994
0.050788,4.9122,1.0,3652,6.0189,0,5.678
0.050788,4.9122,1.0,1187,5.7039,0,5.488
0.050788,4.9122,1.0,9953,6.0173,0,5.835
0.050788,4.9674,1.0,1911,5.55,0,5.5999
0.050788,4.9674,1.0,6294,5.979,0,5.7963
0.050788,4.9674,1.0,13599,5.994,0,5.8479
0.050788,5.0593,1.0,3638,5.678,0,5.568
0.050788,5.0593,0.952,1173,5.488,0,5.577
0.050788,5.0593,0.5853333333333334,9939,5.835,0,5.718
0.050788,4.9292,1.0,1897,5.5999,0,5.3489
0.050788,4.9292,0.888,6280,5.7963,0,5.528
0.050788,4.9292,0.1796666666666666,13585,5.8479,0,5.608
0.050788,4.8533,1.0,3624,5.568,0,5.54
0.050788,4.8533,1.0,1159,5.577,0,5.64
0.050788,4.793,1.0,6266,5.528,0,5.53
0.050788,4.793,0.242,13571,5.608,0,5.59
0.050788,4.793,1.0,1883,5.3489,0,5.417
0.050788,4.7903,1.0,1145,5.64,0,5.5097
0.050788,4.7903,1.0,3610,5.54,0,5.4147
0.050788,4.7903,1.0,9911,5.718,0,5.6167
0.050788,4.8056,0.8028,1869,5.417,0,5.22
0.050788,4.8056,1.0,13557,5.59,0,5.4959
0.050788,4.8056,1.0,6252,5.53,0,5.3959
0.050788,4.8949,1.0,1131,5.5097,0,5.46
0.050788,4.8949,1.0,9897,5.6167,0,5.6074
0.050788,4.8949,1.0,3596,5.4147,0,5.35
0.050788,4.804,1.0,6238,5.3959,0,5.4479
0.050788,4.804,1.0,1855,5.22,0,5.2587
0.050788,4.804,1.0,13543,5.4959,0,5.5773
0.050788,4.7496,1.0,1117,5.46,0,5.275
0.050788,4.7496,0.81,9883,5.6074,0,5.491
0.050788,4.7496,1.0,3582,5.35,0,5.2847
0.050788,4.7752,0.4446666666666666,6224,5.4479,0,5.347
0.050788,4.7752,0.1986666666666666,13529,5.5773,0,5.442
0.050788,4.7752,1.0,1841,5.2587,0,5.139
0.049037,4.9217,1.0,3568,5.2847,0,5.178
0.049037,4.9217,1.0,1103,5.275,0,4.988
0.049037,4.9217,0.2693333333333333,9869,5.491,0,5.41
0.049037,4.9812,1.0,1827,5.139,0,4.946
0.049037,4.9812,0.901,13515,5.442,0,5.328
0.049037,4.9812,1.0,6210,5.347,0,5.218
0.049037,4.9431,1.0,3554,5.178,0,5.2397
0.049037,4.9431,0.6903333333333334,9855,5.41,0,5.515
0.049037,4.9431,1.0,1089,4.988,0,5.104
0.049037,4.8706,0.9093333333333332,6196,5.218,0,5.4
0.049037,4.8706,1.0,1813,4.946,0,5.099
0.049037,4.8706,1.0,13501,5.328,0,5.519
0.049037,4.9705,1.0,1075,5.104,0,5.234
0.049037,4.9705,1.0,9841,5.515,0,5.674
0.049037,4.9705,1.0,3540,5.2397,0,5.422
0.049037,4.9505,1.0,1799,5.099,0,5.283
0.049037,4.9505,0.48,13487,5.519,0,5.676
0.049037,4.9505,0.652,6182,5.4,0,5.555
0.049037,4.8575,1.0,9827,5.674,0,5.718
0.049037,4.8575,1.0,3526,5.422,0,5.5025
0.049037,4.8575,1.0,1061,5.234,0,5.225
0.047279,4.9717,0.294,6168,5.555,0,5.7375
0.047279,4.9717,0.7736666666666666,1785,5.283,0,5.542
0.047279,4.9717,0.579,13473,5.676,0,5.838
0.047279,5.11,1.0,9813,5.718,0,5.945
0.047279,5.11,1.0,3512,5.5025,0,5.815
0.047279,5.11,0.4,1047,5.225,0,5.7475
0.047279,5.0862,0.796,6154,5.7375,0,5.76
0.047279,5.0862,0.7,13459,5.838,0,5.89
0.047279,5.0862,1.0,1771,5.542,0,5.618
0.047279,5.0384,1.0,3498,5.815,0,5.755
0.047279,5.0384,1.0,1033,5.7475,0,5.838
0.047279,5.0384,1.0,9799,5.945,0,5.923
0.047279,5.0065,1.0,6140,5.76,0,5.967
0.047279,5.0065,1.0,1757,5.618,0,5.877
0.047279,5.0065,1.0,13445,5.89,0,6.057
0.047279,5.0575,1.0,3484,5.755,0,5.8864
0.047279,5.0575,0.9393333333333334,9785,5.923,0,5.9979
0.047279,5.0575,1.0,1019,5.838,0,6.14
0.045513,4.867,1.0,1743,5.877,0,5.845
0.045513,4.867,1.0,6126,5.967,0,5.8978
0.045513,4.867,1.0,13431,6.057,0,5.96
0.045513,4.8682,1.0,3470,5.8864,0,5.7568
0.045513,4.8682,1.0,9771,5.9979,0,5.8599
0.045513,4.8682,1.0,1005,6.14,0,5.774
0.045513,4.8806,1.0,1729,5.845,0,5.627
0.045513,4.8806,1.0,13417,5.96,0,5.8349
0.045513,4.8806,1.0,6112,5.8978,0,5.7688
0.045513,4.8867,1.0,9757,5.8599,0,5.783
0.045513,4.8867,1.0,3456,5.7568,0,5.6764
0.045513,4.8867,1.0,991,5.774,0,5.524
0.045513,4.9522,1.0,1715,5.627,0,5.542
0.045513,4.9522,0.96,6098,5.7688,0,5.705
0.045513,4.9522,1.0,13403,5.8349,0,5.7688
0.045513,4.9476,1.0,977,5.524,0,5.4095
0.045513,4.9476,0.3466666666666667,9743,5.783,0,5.754
0.045513,4.9476,1.0,3442,5.6764,0,5.66
0.043739,4.8663,1.0,1701,5.542,0,5.259
0.043739,4.8663,0.5666666666666667,6084,5.705,0,5.517
0.043739,4.8663,0.58,13389,5.7688,0,5.544
